000	v1_maiden_accurate|above_good|1100	72030800c73c3824
001	v1_maiden_accurate|above_good|1101	74a0794ef4f512ba
002	v1_maiden_accurate|above_good|1102	fce557d6a27b4f5f
003	v1_maiden_accurate|above_good|1103	e7e4602c82e7be90
004	v1_maiden_accurate|above_good|1104	4af36d4cc0af2213
005	v1_maiden_accurate|above_good|1105	bedfd64902c77136
006	v1_maiden_accurate|above_good|1106	c498c4a9914d03ab
007	v1_maiden_accurate|above_good|1107	47279d01220df939
008	v1_maiden_accurate|above_good|1108	90b894b7766bfff1
009	v1_maiden_accurate|above_good|1109	6eb8b2f986e1d81e
010	v1_maiden_accurate|above_good|1110	b3344d002a4e9b05
011	v1_maiden_accurate|above_good|1111	3b0026d5e7fb7ccd
012	v1_maiden_accurate|above_good|1112	7fa8615773c29409
013	v1_maiden_accurate|above_good|1113	f7bd423df0a73cf4
014	v1_maiden_accurate|above_good|1114	8f5092cef5812e8b
015	v1_maiden_accurate|above_good|1115	57a054f11d3dc1e7
016	v1_maiden_accurate|above_good|1116	e6a7484fb46890e9
017	v1_maiden_accurate|above_good|1117	130abebfd1582a00
018	v1_maiden_accurate|above_good|1118	657a40507e685d5a
019	v1_maiden_accurate|above_good|1119	8915b96c1a8945ce
020	v1_maiden_accurate|above_good|1120	2e560b7c20fcaeb3
021	v1_maiden_accurate|above_good|1121	4733d709f08b0b17
022	v1_maiden_accurate|above_good|1122	8fddc5396f71646d
023	v1_maiden_accurate|above_good|1123	1a2767e0ba618579
024	v1_maiden_accurate|above_good|1124	6e90976365bdad62
025	v1_maiden_accurate|above_good|1125	b4d35d4cf9140d62
026	v1_maiden_accurate|above_good|1126	f262fdb05a616f7a
027	v1_maiden_accurate|above_good|1127	980efdd6b1b5e1eb
028	v1_maiden_accurate|above_good|1128	d722c4900b788b3a
029	v1_maiden_accurate|above_good|1129	fb8b7908cec2d0de
030	v1_maiden_accurate|above_good|1130	35e7bc93709c4e97
031	v1_maiden_accurate|above_good|1131	9c89ba462d108142
032	v1_maiden_accurate|above_good|1132	6135dad7dd8ef610
033	v1_maiden_accurate|above_good|1133	62e7d011d80922da
034	v1_maiden_accurate|above_good|1134	8bf72b29085bcddf
035	v1_maiden_accurate|above_good|1135	c99ffff166cf5c5a
036	v1_maiden_accurate|above_good|1136	4f922687bc030b16
037	v1_maiden_accurate|above_good|1137	51866ed9300b0f25
038	v1_maiden_accurate|above_good|1138	237e38c01d04290b
039	v1_maiden_accurate|above_good|1139	3a5e9ad6d3503ce3
040	v1_maiden_accurate|above_good|1140	cd7c8cc51f34f050
041	v1_maiden_accurate|above_good|1141	5acacf028faf31a2
042	v1_maiden_accurate|above_good|1142	c21310ee59b746a0
043	v1_maiden_accurate|above_good|1143	d182a7a7c6ae8912
044	v1_maiden_accurate|above_good|1144	0c5ab64c166db2aa
045	v1_maiden_accurate|above_good|1145	5578e3e21f98e1ff
046	v1_maiden_accurate|above_good|1146	2b5e0562fea58f11
047	v1_maiden_accurate|above_good|1147	572b628ac485324f
048	v1_maiden_accurate|above_good|1148	67e14039d2a462fd
049	v1_maiden_accurate|above_good|1149	43ed554e97b8af52
050	v1_maiden_accurate|above_good|1150	ace078897b260bda
051	v1_maiden_accurate|above_good|1151	0c0679521b43e0ea
052	v1_maiden_accurate|above_good|1152	c8070e53c43d8ca6
053	v1_maiden_accurate|above_good|1153	9df764b98786128a
054	v1_maiden_accurate|above_good|1154	965cd817e5b75b5e
055	v1_maiden_accurate|above_good|1155	26dd925056bb90dd
056	v1_maiden_accurate|above_good|1156	ff2be66ce510e388
057	v1_maiden_accurate|above_good|1157	fc35f13d099466a1
058	v1_maiden_accurate|above_good|1158	409e343ac64f80ea
059	v1_maiden_accurate|above_good|1159	77bb8c6340f740c0
060	v1_maiden_accurate|above_good|1160	0c6e186b9d07d8e6
061	v1_maiden_accurate|above_good|1161	4fdf39da569cd7d9
062	v1_maiden_accurate|above_good|1162	58644cb3efaec09e
063	v1_maiden_accurate|above_good|1163	bfc86b02b41d0966
064	v1_maiden_accurate|above_good|1164	61ec41deb4645515
065	v1_maiden_accurate|above_good|1165	2c7d9a61917893ca
066	v1_maiden_accurate|above_good|1166	4c8a94f282fb974c
067	v1_maiden_accurate|above_good|1167	793f4dbd92557fb3
068	v1_maiden_accurate|above_good|1168	6e05183f67115ce4
069	v1_maiden_accurate|above_good|1169	3b43123c5a5375b4
070	v1_maiden_accurate|above_good|1170	9c9f5816848b704c
071	v1_maiden_accurate|above_good|1171	9ccf84f9b4fdbf91
072	v1_maiden_accurate|above_good|1172	b89feab8657d0736
073	v1_maiden_accurate|above_good|1173	da5ac75ed304bb9b
074	v1_maiden_accurate|above_good|1174	1098713ed48d4626
075	v1_maiden_accurate|above_good|1175	66c87f2128e011c3
076	v1_maiden_accurate|above_good|1176	8edeb662529b553d
077	v1_maiden_accurate|above_good|1177	c3613bd6d48d2ad0
078	v1_maiden_accurate|above_good|1178	34529ab5f4b89bc8
079	v1_maiden_accurate|above_good|1179	242b597a19c077d7
080	v1_turns_accurate|below_good|1180	c1c15074972b0cbb
081	v1_turns_accurate|below_good|1181	8d3db99a0d319e50
082	v1_turns_accurate|below_good|1182	a100291fd67a4d9c
083	v1_turns_accurate|below_good|1183	d038aa524cf26dbb
084	v1_turns_accurate|below_good|1184	b9cfc65d0ac6fb12
085	v1_turns_accurate|below_good|1185	2cc5133dfca2ed4b
086	v1_turns_accurate|below_good|1186	f03c1e7779370630
087	v1_turns_accurate|below_good|1187	3a53d9cd6dfd642d
088	v1_turns_accurate|below_good|1188	9ab4fad540fbcc0a
089	v1_turns_accurate|below_good|1189	c36a9ed8d4574756
090	v1_turns_accurate|below_good|1190	6877b62d0632de1a
091	v1_turns_accurate|below_good|1191	42b168d1e4ffc091
092	v1_turns_accurate|below_good|1192	2f73cea4e014f839
093	v1_turns_accurate|below_good|1193	fdea470a43e25740
094	v1_turns_accurate|below_good|1194	43cdb2636478e0ce
095	v1_turns_accurate|below_good|1195	b75f72e1e0691a88
096	v1_turns_accurate|below_good|1196	1c47dc8270fb1f41
097	v1_turns_accurate|below_good|1197	b36ec88b03769c15
098	v1_turns_accurate|below_good|1198	93cae0053ec7cddd
099	v1_turns_accurate|below_good|1199	de17e4920418944d
